allclose_atol_1e2,d_head,dtype,kernel,max_abs_err,mean_abs_err,p99_abs_err,seqlen
True,128,fp32,baseline,4.559755325317383e-06,4.0638624909661303e-07,1.7583370208740234e-06,512
True,128,fp32,fused,4.6193599700927734e-06,4.0711972815188346e-07,1.7583370208740234e-06,512
False,128,bf16,baseline,0.01119530200958252,0.001063469098880887,0.004247726872563362,512
False,128,bf16,fused,0.01119530200958252,0.0010634521022439003,0.004247726872563362,512
