dtype,hbm_model_reduction_x,p50_speedup_x,seqlen,tok_per_s_speedup_x
fp32,5.0,1.625,512,1.625
bf16,9.0,1.6785714285714286,512,1.6785714285714288
